nx,dx,error1,error2,order1,order2
2000,0.02,1.5835984213763205e-06,1.1293779428623485e-06,2.0013181452503312,1.999963882524386
4000,0.01,3.9553804947693733e-07,2.8235155422101367e-07,1.9980147390649734,1.999850921315673
8000,0.005,9.902067883955971e-08,7.059518302357312e-08,2.0040617577544633,2.0037562659906025
16000,0.0025,2.4685572124055012e-08,1.7602904322305848e-08,nan,nan
