nx,dx,error1,error2,order1,order2
2000,0.02,3.4168232056467216e-07,2.069417129293953e-07,2.0001780612222433,2.000506624226025
4000,0.01,8.541003795874047e-08,5.1717263742287576e-08,2.000137031569484,1.9983789185481418
8000,0.005,2.135048145960905e-08,1.2943852101290788e-08,1.9989398161318976,2.006200163639011
16000,0.0025,5.34154422864217e-09,3.2220859073565687e-09,nan,nan
