nx,dx,error1,error2,order1,order2
2000,0.02,9.98332842755174e-07,7.126150949517212e-07,2.0023181038358397,2.0004170689273564
4000,0.01,2.4918250560608076e-07,1.7810227868027767e-07,2.0001567105369564,1.9988038987578984
8000,0.005,6.228886000211208e-08,4.4562499978152174e-08,1.9998152039867894,2.0089356126707574
16000,0.0025,1.557420978631274e-08,1.107183661125565e-08,nan,nan
